1007 mots utilisés plus de 100 fois sur tous le corpus,,,
Ratio, nb d'utilisations par becker, nb d'utilisation par posner, mot
0,0,133, 'cent'
"0,00283338253185422",1,358, 'posner'
"0,032459230284922",4,125, 'sizable'
"0,0747416486823861",7,95, 'prior'
"0,080417011967149",44,555, 'past'
"0,110944634762917",14,128, 'indicates'
"0,117416829808801",36,311, 'various'
"0,122027181522263",16,133, 'clearly'
"0,126793868300476",58,464, 'individuals'
"0,132594894954747",20,153, 'discussion'
"0,134252331141681",45,340, 'help'
"0,157152963527351",22,142, 'poorer'
"0,160689258836247",16,101, 'younger'
"0,169058491067302",15,90, 'numbers'
"0,172439660888648",34,200, 'decades'
"0,173742731373953",68,397, 'families'
"0,174150614292221",57,332, 'governments'
"0,177871966904934",37,211, 'ways'
"0,181771689595563",112,625, 'us'
"0,186119439707121",20,109, 'elsewhere'
"0,187264790105319",24,130, 'developed'
"0,188077571312373",89,480, 'earnings'
"0,195808252312128",61,316, 'several'
"0,207010397225268",40,196, 'skilled'
"0,208836959553726",35,170, 'investments'
"0,218038053899885",23,107, 'advantages'
"0,229046987897635",28,124, 'coverage'
"0,229046987897635",21,93, 'farmers'
"0,229919547851531",34,150, 'developing'
"0,231343198302624",26,114, 'ages'
"0,236681887494223",28,120, 'sure'
"0,23730228562658",51,218, 'lot'
"0,238061956809058",23,98, 'sharply'
"0,239233713774484",25,106, 'african'
"0,246914375111454",37,152, 'main'
"0,247690347377675",21,86, 'desirable'
"0,250738436189706",22,89, 'special'
"0,253587736600953",38,152, 'older'
"0,253587736600953",27,108, 'actions'
"0,254459172121918",73,291, 'recession'
"0,256374415025139",23,91, 'decade'
"0,263593239133508",191,735, 'companies'
"0,263822219244041",58,223, 'fraction'
"0,26566334310576",22,84, 'behind'
"0,268161744451583",23,87, 'claim'
"0,269436970138513",34,128, 'studies'
"0,269774187873354",50,188, 'levels'
"0,27353283947968",24,89, 'technologies'
"0,274720047984366",39,144, 'gain'
"0,274917546221594",29,107, 'couple'
"0,280897185157979",36,130, 'cars'
"0,283074682717343",24,86, 'fertility'
"0,292498024227554",109,378, 'get'
"0,293366205087377",59,204, 'approach'
"0,295852359367778",35,120, 'allow'
"0,295852359367778",42,144, 'relatively'
"0,303385932610204",99,331, 'others'
"0,305915364788451",152,504, 'per'
"0,310361110466838",41,134, 'economies'
"0,310702091691258",34,111, 'diseases'
"0,315063551534517",41,132, 'using'
"0,316161333944045",48,154, 'gas'
"0,316984670751191",25,80, 'married'
"0,318459018057011",27,86, 'show'
"0,318945400673363",61,194, 'partly'
"0,321794093341899",46,145, 'non'
"0,322205594740034",27,85, 'households'
"0,322896281974204",99,311, 'greatly'
"0,325709019487463",35,109, 'restrictions'
"0,328750860745834",117,361, 'men'
"0,331797038543303",35,107, 'types'
"0,334519992962959",62,188, 'development'
"0,334631240050742",32,97, 'interests'
"0,335820771729615",195,589, 'persons'
"0,338116982134604",82,246, 'larger'
"0,338116982134604",80,240, 'changes'
"0,34038622362544",50,149, 'decisions'
"0,346215592485133",57,167, 'graduates'
"0,350412145121317",38,110, 'sharp'
"0,353144403562809",282,810, 'american'
"0,353313250994586",31,89, 'controls'
"0,354631693344263",136,389, 'believe'
"0,359516791130465",28,79, 'anti'
"0,363731905023589",71,198, 'groups'
"0,364710452639573",32,89, 'getting'
"0,366293397312488",52,144, 'educated'
"0,368038838960675",41,113, 'regulations'
"0,368171824991013",98,270, 'toward'
"0,369569724658753",94,258, 'usually'
"0,373094600976115",32,87, 'start'
"0,376758922949987",39,105, 'data'
"0,377895450621028",114,306, 'young'
"0,380381604901429",48,128, 'payments'
"0,382741558456937",446,1182, 'since'
"0,389291444295517",71,185, 'available'
"0,389812553783283",93,242, 'evidence'
"0,393319754728009",38,98, 'progress'
"0,39728745400816",47,120, 'foods'
"0,399148928368287",109,277, 'due'
"0,403770765073362",41,103, 'systems'
"0,404321705909212",57,143, 'encourage'
"0,408463468350528",60,149, 'america'
"0,408558020079313",29,72, 'fully'
"0,408558020079313",58,144, 'sometimes'
"0,410876332720531",32,79, 'led'
"0,410876332720531",224,553, 'women'
"0,410876332720531",32,79, 'harm'
"0,413748412348923",31,76, 'extensive'
"0,414961750801559",36,88, 'deficits'
"0,415883888025563",41,100, 'amounts'
"0,417673919107452",35,85, 'gives'
"0,419731426098129",48,116, 'knowledge'
"0,420361653464643",46,111, 'improve'
"0,424759458806596",67,160, 'considerable'
"0,425372977524179",39,93, 'chicago'
"0,432954672245529",35,82, 'guns'
"0,435277034472134",112,261, 'raise'
"0,436702343668156",189,439, 'major'
"0,436734435257197",62,144, 'compared'
"0,437000250494724",137,318, 'mainly'
"0,441578645437622",138,317, 'gdp'
"0,44189546179968",44,101, 'reforms'
"0,444708112866187",299,682, 'growth'
"0,445146818205989",61,139, 'india'
"0,447825151869768",83,188, 'rapid'
"0,450295980880197",665,1498, 'many'
"0,450822642846139",56,126, 'access'
"0,451914223095161",552,1239, 'also'
"0,452180542372784",37,83, 'declined'
"0,452685546328974",54,121, 'issues'
"0,462235874310598",36,79, 'fast'
"0,463319295602857",655,1434, 'much'
"0,4637032897846",32,70, 'euro'
"0,465144356638212",83,181, 'majority'
"0,467135304264913",35,76, 'plans'
"0,467608592313814",65,141, 'smaller'
"0,467608592313814",65,141, 'spent'
"0,468161975263298",108,234, 'generally'
"0,468327990148143",217,470, 'although'
"0,469606919631394",100,216, 'rapidly'
"0,470289984241767",51,110, 'incentives'
"0,474098811906129",129,276, 'policies'
"0,476622733852394",39,83, 'slow'
"0,47791534974795",49,104, 'energy'
"0,477988561066016",565,1199, 'countries'
"0,478027457500647",41,87, 'became'
"0,481201527134962",352,742, 'years'
"0,481299173548747",93,196, 'retirement'
"0,483664027424334",72,151, 'mexico'
"0,484270774412142",74,155, 'try'
"0,484634341059599",43,90, 'lead'
"0,485124365671388",253,529, 'better'
"0,48688845427383",48,100, 'advantage'
"0,491570074026463",63,130, 'raised'
"0,494074999724366",132,271, 'assets'
"0,494683466472795",198,406, 'still'
"0,497758421975345",185,377, 'different'
"0,498995223634133",61,124, 'century'
"0,500032156677935",35,71, 'discourage'
"0,500413133559214",37,75, 'add'
"0,502251439481499",51,103, 'months'
"0,502522487209228",54,109, 'away'
"0,502564787081889",109,220, 'behavior'
"0,505122131205137",123,247, 'parents'
"0,506080061812701",231,463, 'china'
"0,507175473201906",179,358, 'among'
"0,507175473201906",236,472, 'important'
"0,507175473201906",182,364, 'little'
"0,51104704169963",66,131, 'productivity'
"0,512628972913754",47,93, 'industries'
"0,512748830050279",46,91, 'considered'
"0,512874074024399",45,89, 'received'
"0,513488860835125",366,723, 'spending'
"0,513595415900664",40,79, 'leaders'
"0,514745256384024",34,67, 'foundations'
"0,514859950068601",67,132, 'central'
"0,516232178080511",114,224, 'times'
"0,521263680790848",37,72, 'expectancy'
"0,523895543747024",47,91, 'vast'
"0,524664282622661",180,348, 'incomes'
"0,525075784020797",44,85, 'grown'
"0,529226580732424",60,115, 'modern'
"0,530715263097353",124,237, 'used'
"0,53105908274327",189,361, 'way'
"0,531326686211521",55,105, 'water'
"0,534965910089682",77,146, 'funds'
"0,535526897169714",85,161, 'unemployed'
"0,536156928813443",37,70, 'single'
"0,538482601177332",43,81, 'direct'
"0,539548375746708",50,94, 'clear'
"0,543402292716328",60,112, 'allowed'
"0,543775765082456",52,97, 'contributions'
"0,546188971140514",56,104, 'forces'
"0,551926250249133",37,68, 'millions'
"0,55225773748652",49,90, 'africa'
"0,552691220796949",170,312, 'drugs'
"0,55451185070075",41,75, 'powerful'
"0,555269699108983",381,696, 'large'
"0,555477899221135",46,84, 'shift'
"0,555477899221135",46,84, 'drunk'
"0,557505863672324",72,131, 'teachers'
"0,560728162918877",89,161, 'longer'
"0,560876405658578",47,85, 'forced'
"0,561034815488834",250,452, 'use'
"0,566149365434686",48,86, 'faster'
"0,567267353913032",118,211, 'go'
"0,568036529986135",42,75, 'later'
"0,568358546159596",353,630, 'greater'
"0,56865128813547",37,66, 'japanese'
"0,571130151640856",192,341, 'yet'
"0,573909088096893",43,76, 'estimates'
"0,574160913058761",60,106, 'opposition'
"0,574798869628827",51,90, 'compete'
"0,576335765002166",75,132, 'come'
"0,581561209271519",43,75, 'taxpayers'
"0,582149238805666",66,115, 'proposed'
"0,582312580342929",62,108, 'share'
"0,584743486750433",49,85, 'executives'
"0,58485099612472",64,111, 'rules'
"0,586496755740593",122,211, 'run'
"0,587255811075891",44,76, 'attacks'
"0,588574005938014",94,162, 'similar'
"0,589135029671334",363,625, 'children'
"0,589979632092013",57,98, 'birth'
"0,590047282548623",89,153, 'rich'
"0,593005168666844",38,65, 'deaths'
"0,594119840036518",41,70, 'hours'
"0,597017985597672",206,350, 'school'
"0,598206968391992",46,78, 'freedom'
"0,598833691250443",49,83, 'reserves'
"0,599389195602252",78,132, 'capita'
"0,599951474397376",194,328, 'far'
"0,605792926324499",43,72, 'easier'
"0,608610567842287",54,90, 'certain'
"0,608610567842287",105,175, 'unions'
"0,609726772460063",437,727, 'time'
"0,609818128492768",101,168, 'internet'
"0,610488995520813",65,108, 'earlier'
"0,611389611531065",88,146, 'bill'
"0,612108329726438",210,348, 'effects'
"0,613371059648514",335,554, 'world'
"0,613585586108028",222,367, 'especially'
"0,61372494236197",72,119, 'efficiency'
"0,616566261539572",93,153, 'early'
"0,617122603756165",87,143, 'degree'
"0,617274063469935",171,281, 'perhaps'
"0,619881133913441",66,108, 'cities'
"0,620346859784149",74,121, 'despite'
"0,621289954672335",98,160, 'based'
"0,622301194112768",100,163, 'addition'
"0,624912636623777",69,112, 'expensive'
"0,626082641560247",258,418, 'capital'
"0,626142559508526",50,81, 'gap'
"0,630127103069035",41,66, 'late'
"0,630276316212077",64,103, 'close'
"0,630542480196964",92,148, 'cut'
"0,632255910849673",369,592, 'prices'
"0,632806095004213",340,545, 'system'
"0,634647383578856",117,187, 'activities'
"0,635861787297912",84,134, 'include'
"0,63682935356931",167,266, 'loans'
"0,6372204663306",98,156, 'japan'
"0,640642702991881",48,76, 'easy'
"0,640642702991881",120,190, 'additional'
"0,641069798127209",79,125, 'chinese'
"0,641427804343587",43,68, 'borrowers'
"0,641427804343587",43,68, 'newspapers'
"0,644611512702662",265,417, 'unemployment'
"0,645496056802426",56,88, 'hand'
"0,646451639417973",123,193, 'sector'
"0,64725250865767",134,210, 'fed'
"0,648348027598313",62,97, 'put'
"0,648712814560577",55,86, 'capitalism'
"0,64918460569844",48,75, 'determine'
"0,649818575039942",41,64, 'allowing'
"0,652082751259593",45,70, 'scale'
"0,652615498605394",175,272, 'immigrants'
"0,652644407376096",166,258, 'present'
"0,652943245784876",271,421, 'students'
"0,653879122475184",78,121, 'businesses'
"0,653921676108041",127,197, 'support'
"0,660102428862022",341,524, 'economy'
"0,660349273833354",194,298, 'jobs'
"0,660507593007133",112,172, 'company'
"0,663474832867902",104,159, 'strong'
"0,66514816157627",40,61, 'responsible'
"0,666573479065362",92,140, 'overall'
"0,667987208607388",81,123, 'receive'
"0,668278270571923",56,85, 'found'
"0,668549487402512",87,132, 'fiscal'
"0,668549487402512",58,88, 'germany'
"0,671842834631096",51,77, 'easily'
"0,671899131164918",155,234, 'see'
"0,672160265689273",55,83, 'trying'
"0,67278379098212",65,98, 'burden'
"0,673241778586601",75,113, 'driving'
"0,676233964269208",78,117, 'back'
"0,676233964269208",48,72, 'severe'
"0,676233964269208",176,264, 'markets'
"0,679830953440852",63,94, 'airlines'
"0,680395404049326",218,325, 'small'
"0,681064206871131",47,70, 'corruption'
"0,683134310843383",66,98, 'weight'
"0,686178581390814",115,170, 'give'
"0,688309570774015",76,112, 'ago'
"0,69032217185815",49,72, 'crimes'
"0,692334772942284",43,63, 'affect'
"0,694029594907871",52,76, 'investors'
"0,696291751344989",81,118, 'called'
"0,698189612459767",53,77, 'examples'
"0,698405569655084",42,61, 'infrastructure'
"0,698405569655084",42,61, 'south'
"0,700634158856241",67,97, 'generous'
"0,701279666649549",56,81, 'offer'
"0,702401877346835",340,491, 'like'
"0,703283322839976",52,75, 'week'
"0,704078892209705",59,85, 'type'
"0,705215419880745",73,105, 'skills'
"0,706626501989172",124,178, 'bad'
"0,707376317886869",53,76, 'valuable'
"0,708435581615361",44,63, 'traditional'
"0,709060855738587",72,103, 'willing'
"0,710560561440234",138,197, 'growing'
"0,711996337379599",73,104, 'next'
"0,711996337379599",73,104, 'european'
"0,712487207430248",321,457, 'taxes'
"0,712845357239197",331,471, 'however'
"0,715270560785636",397,563, 'education'
"0,716012432755632",84,119, 'instead'
"0,720336179330243",49,69, 'lenders'
"0,720336179330243",98,138, 'big'
"0,721548611359412",69,97, 'opportunities'
"0,721548611359413",138,194, 'continue'
"0,722080334728137",42,59, 'account'
"0,722551359082167",52,73, 'test'
"0,722800973784752",119,167, 'force'
"0,723348625714194",87,122, 'europe'
"0,724036710019273",207,290, 'made'
"0,726951511589398",43,60, 'plants'
"0,72906474272774",46,64, 'equity'
"0,729136621337887",317,441, 'pay'
"0,729236085793011",133,185, 'economists'
"0,730768961387692",67,93, 'returns'
"0,731662977733897",44,61, 'everyone'
"0,733453761245833",47,65, 'eventually'
"0,740637198961513",46,63, 'legislation'
"0,741838751847564",49,67, 'recently'
"0,74429647365994",113,154, 'already'
"0,74584628412045",50,68, 'prospects'
"0,746038760580868",342,465, 'long'
"0,747416486823861",56,76, 'set'
"0,748012988409515",132,179, 'enough'
"0,748083822972811",59,80, 'gains'
"0,749007486914073",223,302, 'often'
"0,749059160421276",48,65, 'producing'
"0,749059160421276",48,65, 'subject'
"0,751371071410231",300,405, 'oil'
"0,751597387998005",123,166, 'end'
"0,753517845899974",78,105, 'grow'
"0,753783730813842",81,109, 'study'
"0,75447591054829",180,242, 'schools'
"0,756314302143193",85,114, 'return'
"0,75673800763459",47,63, 'lost'
"0,757191551540874",53,71, 'providing'
"0,75891220442621",205,274, 'become'
"0,760763209802859",99,132, 'top'
"0,762420645989793",115,153, 'competitive'
"0,76317833110382",79,105, 'report'
"0,764438394391278",52,69, 'france'
"0,764438394391278",208,276, 'consumers'
"0,765061307033383",89,118, 'natural'
"0,768008573705743",53,70, 'actual'
"0,768265805560284",128,169, 'right'
"0,768447686669554",50,66, 'basic'
"0,768629299121352",513,677, 'rates'
"0,771478184588815",54,71, 'worse'
"0,772117884576036",153,201, 'members'
"0,772838816307666",64,84, 'position'
"0,776612443340418",49,64, 'expansion'
"0,776755229228144",85,111, 'obama'
"0,779021526838127",96,125, 'period'
"0,779279139776897",242,315, 'take'
"0,780269958772163",60,78, 'environment'
"0,780269958772163",130,169, 'real'
"0,782150127347517",64,83, 'excessive'
"0,785764817636756",55,71, 'pollution'
"0,786406913504079",69,89, 'explain'
"0,786996423933992",135,174, 'effective'
"0,787740628590194",73,94, 'mortgages'
"0,788939624980742",84,108, 'ratio'
"0,790597061167677",53,68, 'congestion'
"0,790714517275412",99,127, 'quite'
"0,792027451301607",57,73, 'process'
"0,793434022493779",255,326, 'online'
"0,793539856030193",115,147, 'change'
"0,794371223087322",65,83, 'french'
"0,795343355702989",138,176, 'union'
"0,795665083079025",815,1039, 'even'
"0,796679069493123",183,233, 'power'
"0,796990029317281",66,84, 'areas'
"0,800803378739851",75,95, 'post'
"0,801337247659012",79,100, 'along'
"0,802199114476217",121,153, 'revenue'
"0,802397017304508",53,67, 'riots'
"0,804485233354747",46,58, 'always'
"0,804865424863894",219,276, 'competition'
"0,806793987073659",241,303, 'nations'
"0,807780996832215",262,329, 'banks'
"0,811480757123049",48,60, 'open'
"0,811480757123049",48,60, 'sales'
"0,811480757123049",52,65, 'mean'
"0,81148075712305",68,85, 'produced'
"0,812824268310339",121,151, 'spend'
"0,816235527184317",103,128, 'local'
"0,821437576228854",264,326, 'employment'
"0,822446713300388",330,407, 'lower'
"0,822583105790156",163,201, 'inequality'
"0,825234668260728",96,118, 'half'
"0,825471804659654",118,145, 'trade'
"0,82823150669669",89,109, 'significantly'
"0,828718093467166",125,153, 'efficient'
"0,829414033523559",148,181, 'provide'
"0,829923501603119",126,154, 'subsidies'
"0,830217175878279",257,314, 'future'
"0,831034510306737",136,166, 'student'
"0,831369991366261",418,510, 'workers'
"0,831435201970338",50,61, 'added'
"0,832287956023641",64,78, 'influence'
"0,83267615003298",55,67, 'nevertheless'
"0,834261324659888",542,659, 'higher'
"0,834385455912813",51,62, 'view'
"0,834466049504614",167,203, 'relative'
"0,836578100126855",80,97, 'taken'
"0,836578100126855",80,97, 'elderly'
"0,837085732469165",85,103, 'officials'
"0,837350110118583",369,447, 'low'
"0,837942086159671",57,69, 'monopoly'
"0,842565705480585",103,124, 'expect'
"0,84291134982852",59,71, 'obvious'
"0,843255606046542",69,83, 'nuclear'
"0,84529245533651",175,210, 'food'
"0,84529245533651",60,72, 'differences'
"0,846689632948636",101,121, 'institutions'
"0,847608325077158",61,73, 'going'
"0,847707576637471",117,140, 'international'
"0,848366246083188",46,55, 'advances'
"0,848366246083188",46,55, 'contracts'
"0,850157447885209",466,556, 'private'
"0,851857833630386",173,206, 'age'
"0,856951661617013",49,58, 'apparently'
"0,859993193690188",117,138, 'find'
"0,861018826598584",73,86, 'giving'
"0,864268408415493",167,196, 'housing'
"0,864503647503249",75,88, 'recovery'
"0,867343562867027",236,276, 'employees'
"0,869443668346124",48,56, 'voting'
"0,874761366623471",94,109, 'risks'
"0,875126306701328",88,102, 'huge'
"0,875698658765881",120,139, 'performance'
"0,87677231229387",376,435, 'example'
"0,880676790676178",112,129, 'profits'
"0,882861008907022",47,54, 'presumably'
"0,884608383491696",150,172, 'tend'
"0,887557078103335",49,56, 'live'
"0,888035545530884",232,265, 'country'
"0,889293980408821",64,73, 'terrorist'
"0,890271319932397",287,327, 'great'
"0,890595711112715",403,459, 'good'
"0,892139989005762",219,249, 'life'
"0,892323764881549",468,532, 'financial'
"0,89501554094454",300,340, 'labor'
"0,899827452454994",165,186, 'universities'
"0,901645285692277",120,135, 'working'
"0,901645285692277",56,63, 'involved'
"0,903189198852709",65,73, 'terrorism'
"0,905113152175709",58,65, 'known'
"0,905670487860546",50,56, 'belief'
"0,912915851763431",54,60, 'graduate'
"0,912915851763431",54,60, 'imposed'
"0,915516751626004",176,195, 'programs'
"0,915673028870966",631,699, 'health'
"0,918369351475279",421,465, 'college'
"0,918657460894018",48,53, 'monetary'
"0,918657460894018",48,53, 'selling'
"0,920429562477533",147,162, 'best'
"0,920429562477533",49,54, 'limits'
"0,924849392309358",186,204, 'highly'
"0,925718339436488",94,103, 'child'
"0,926146516281741",63,69, 'proposal'
"0,926146516281741",63,69, 'imports'
"0,927760011954706",75,82, 'aid'
"0,930404661184186",133,145, 'drug'
"0,940579968483535",51,55, 'competitors'
"0,941897307374968",52,56, 'four'
"0,943142928676323",649,698, 'high'
"0,944986641943374",1158,1243, 'government'
"0,94615928614137",222,238, 'illegal'
"0,946727549976891",56,60, 'traffic'
"0,948376901109255",115,123, 'common'
"0,94937472919645",263,281, 'including'
"0,952247827236231",138,147, 'resources'
"0,9558306994959",147,156, 'stimulus'
"0,956934855097936",50,53, 'estimated'
"0,960252229262275",71,75, 'began'
"0,960491604116884",107,113, 'reasons'
"0,962773779637516",56,59, 'suggests'
"0,963633399083621",57,60, 'remain'
"0,964735954460147",175,184, 'either'
"0,965559381893249",376,395, 'year'
"0,966302743679421",181,190, 'goods'
"0,972435618040018",116,121, 'gasoline'
"0,973228610738792",71,74, 'weak'
"0,976312785913669",77,80, 'argued'
"0,9767823928333",78,81, 'necessary'
"0,9767823928333",130,135, 'research'
"0,97812412688939",54,56, 'professors'
"0,979373327562301",84,87, 'producers'
"0,979966168559615",57,59, 'beginning'
"0,981363923756533",119,123, 'hard'
"0,98407181367534",65,67, 'bonds'
"0,984391213809606",230,237, 'crisis'
"0,984517095038994",66,68, 'provides'
"0,986174531225928",70,72, 'budget'
"0,986174531225928",70,72, 'worth'
"0,98950969873678",239,245, 'information'
"0,992299838873294",135,138, 'laws'
"0,992536947556418",91,93, 'raising'
"0,994844197434508",51,52, 'independent'
"0,996937196250957",229,233, 'given'
"0,999434020721403",67,68, 'books'
"0,999434020721403",67,68, 'ownership'
"1,00073549745879",147,149, 'family'
"1,00410497724822",98,99, 'taking'
"1,00932940706518",402,404, 'number'
"1,01435094640381",55,55, 'structure'
"1,01435094640381",57,57, 'impact'
"1,01435094640381",69,69, 'forms'
"1,01435094640381",205,205, 'total'
"1,01435094640381",268,268, 'poor'
"1,01435094640381",121,121, 'analysis'
"1,02085319606025",314,312, 'whether'
"1,0236144253664",221,219, 'president'
"1,02470146626508",99,98, 'old'
"1,02537650016907",93,92, 'individual'
"1,02614572485037",87,86, 'particularly'
"1,03053739767621",191,188, 'serious'
"1,0336719168115",107,105, 'home'
"1,03640205393433",94,92, 'city'
"1,03689207854612",138,135, 'human'
"1,03689207854612",92,90, 'every'
"1,03766935896482",89,87, 'consider'
"1,04222951364113",486,473, 'new'
"1,04276413817983",367,357, 'medical'
"1,04448018243561",104,101, 'tuition'
"1,04527628013564",169,164, 'control'
"1,04730819737",286,277, 'term'
"1,04994220768114",59,57, 'keep'
"1,05090413366161",115,111, 'property'
"1,05412941489024",159,153, 'immigration'
"1,05547328206883",77,74, 'greece'
"1,05661556917064",150,144, 'general'
"1,06343244381045",130,124, 'problems'
"1,065068493724",84,80, 'exports'
"1,0669823634342",223,212, 'war'
"1,06967917984402",58,55, 'invest'
"1,07280506873895",936,885, 'tax'
"1,07332483863659",91,86, 'avoid'
"1,07401864913345",180,170, 'decline'
"1,07513602184374",566,534, 'well'
"1,07532286121497",194,183, 'recent'
"1,08217988506911",351,329, 'average'
"1,08623408433794",136,127, 'full'
"1,08640866390791",588,549, 'less'
"1,08680458543266",60,56, 'face'
"1,08857174736019",88,82, 'successful'
"1,09139025878891",85,79, 'management'
"1,09645245903702",414,383, 'care'
"1,0997699734694",103,95, 'middle'
"1,09989861658245",90,83, 'whole'
"1,10129531323842",76,70, 'politically'
"1,10290539410573",137,126, 'say'
"1,10656466880416",60,55, 'mobility'
"1,11324309995293",394,359, 'make'
"1,11385131171863",403,367, 'likely'
"1,11511428545055",166,151, 'university'
"1,11578604104419",55,50, 'stimulate'
"1,11578604104419",66,60, 'induce'
"1,12358874063191",72,65, 'answer'
"1,12705660711535",60,54, 'source'
"1,13368635186308",76,68, 'plan'
"1,13668472888467",223,199, 'production'
"1,13730257627094",74,66, 'treasury'
"1,1381189410189",2915,2598, 'would'
"1,13949814109",519,462, 'market'
"1,14114481470429",90,80, 'economics'
"1,14293064383528",80,71, 'corporate'
"1,1434501577643",62,55, 'asset'
"1,14439593953251",88,78, 'york'
"1,14781817619379",86,76, 'place'
"1,15042241482384",93,82, 'enormous'
"1,15060704368194",76,67, 'cases'
"1,1535755861063",58,51, 'blacks'
"1,1535755861063",116,102, 'pressure'
"1,15426142176985",99,87, 'produce'
"1,1592582244615",88,77, 'cuts'
"1,1592582244615",64,56, 'owners'
"1,16312241854304",86,75, 'fear'
"1,1635202032279",78,68, 'inefficient'
"1,16524612851347",417,363, 'work'
"1,17040493815824",120,104, 'domestic'
"1,17346482034951",59,51, 'attract'
"1,17664709782842",58,50, 'fats'
"1,17757983433086",101,87, 'difference'
"1,17973425288269",107,92, 'ones'
"1,17995926418403",57,49, 'estate'
"1,18109356773047",85,73, 'living'
"1,18340943747111",63,54, 'results'
"1,18340943747111",126,108, 'profit'
"1,18886293718296",109,93, 'finance'
"1,18944724072352",197,168, 'rise'
"1,19168502794294",168,143, 'wealth'
"1,19335405459272",60,51, 'needs'
"1,194413244582",199,169, 'order'
"1,1987783912045",156,132, 'medicare'
"1,20161573650913",77,65, 'tenure'
"1,20219371425637",96,81, 'rights'
"1,20258101893235",115,97, 'discrimination'
"1,20756065048073",75,63, 'attractive'
"1,20827098027513",81,68, 'fewer'
"1,20858836167263",56,47, 'widespread'
"1,20941843609685",93,78, 'done'
"1,21010288342911",68,57, 'sell'
"1,21978911276408",190,158, 'reduced'
"1,2236614591538",76,63, 'medicaid'
"1,22383646794373",111,92, 'measure'
"1,22421665945288",70,58, 'difficulty'
"1,23335853710463",214,176, 'colleges'
"1,23361021211119",557,458, 'could'
"1,23857589245097",116,95, 'potential'
"1,23890191927183",160,131, 'buy'
"1,23976226782688",88,72, 'them'
"1,24339793430145",114,93, 'size'
"1,24680637162135",177,144, 'almost'
"1,24765166407669",123,100, 'related'
"1,24774142964717",417,339, 'increased'
"1,25147194686185",95,77, 'provided'
"1,25302175732236",84,68, 'theory'
"1,25838320307487",428,345, 'insurance'
"1,26194842151025",158,127, 'possible'
"1,26276342307413",61,49, 'trans'
"1,26276342307413",183,147, 'americans'
"1,26426349841635",258,207, 'level'
"1,26464533577618",192,154, 'free'
"1,26958892857917",577,461, 'rate'
"1,27172357459582",84,67, 'role'
"1,28041021103432",77,61, 'gambling'
"1,28285560868717",129,102, 'require'
"1,28579697431469",90,71, 'for'
"1,29099211360485",70,55, 'rule'
"1,29280022580878",65,51, 'ability'
"1,29450501731534",134,105, 'cause'
"1,29611509818265",69,54, 'auto'
"1,29777253436958",87,68, 'continued'
"1,29890484225967",776,606, 'income'
"1,30008360736263",91,71, 'experience'
"1,30237652377773",104,81, 'dollars'
"1,30416550251919",243,189, 'want'
"1,30416550251919",63,49, 'equal'
"1,30501291350198",220,171, 'difficult'
"1,31268946005199",66,51, 'never'
"1,31465221343126",197,152, 'bank'
"1,31741921697568",213,164, 'congress'
"1,32286321581695",283,217, 'state'
"1,32429151336053",141,108, 'compensation'
"1,32914951597741",380,290, 'without'
"1,33492412286162",279,212, 'business'
"1,33621230439733",137,104, 'minimum'
"1,34012789269409",181,137, 'limited'
"1,34108899163966",825,624, 'states'
"1,34294350650646",188,142, 'significant'
"1,34351118728982",600,453, 'rather'
"1,3442211728766",326,246, 'two'
"1,3444934714126",562,424, 'reduce'
"1,34534967628295",126,95, 'punishment'
"1,34556758196424",65,49, 'excess'
"1,34556758196424",130,98, 'products'
"1,34692502719195",81,61, 'caused'
"1,34692502719195",81,61, 'favor'
"1,34724604464444",344,259, 'part'
"1,34834455070751",436,328, 'value'
"1,34944902691221",298,224, 'security'
"1,35104726894962",317,238, 'first'
"1,36536612404219",494,367, 'political'
"1,36716866689209",155,115, 'wages'
"1,36749534996662",182,135, 'fall'
"1,37178889894611",142,105, 'paid'
"1,37605748543153",175,129, 'investment'
"1,37743747109397",3126,2302, '-'
"1,37998907824705",117,86, 'factors'
"1,38627962675188",82,60, 'conservative'
"1,38670762293179",108,79, 'issue'
"1,39064242652135",85,62, 'disease'
"1,39248177257801",232,169, 'supply'
"1,39473255130524",132,96, 'employers'
"1,39712488844299",73,53, 'effort'
"1,39842557659555",142,103, 'casino'
"1,40077035455764",87,63, 'situation'
"1,40282577694144",65,47, 'drop'
"1,40560059715957",97,70, 'within'
"1,40593759082947",298,215, 'reason'
"1,40977589161208",82,59, 'success'
"1,41019521817115",228,164, 'consumption'
"1,4105817848428",89,64, 'positive'
"1,41213563126805",71,51, 'causes'
"1,41693381229171",718,514, 'united'
"1,42009132496534",70,50, 'customers'
"1,4227260027482",108,77, 'protection'
"1,4239926747592",73,52, 'trillion'
"1,42465020562333",125,89, 'agree'
"1,43263999646724",274,194, 'policy'
"1,43311968574484",154,109, 'stock'
"1,43589939166254",109,77, 'required'
"1,43972392392799",132,93, 'negative'
"1,4402234811535",186,131, 'means'
"1,4434994237285",148,104, 'savings'
"1,44468165093876",141,99, 'military'
"1,45108538166101",103,72, 'efforts'
"1,45236612780546",126,88, 'personal'
"1,45812948545548",184,128, 'moreover'
"1,46300617269781",75,52, 'media'
"1,46300617269781",75,52, 'loan'
"1,46736204868124",149,103, 'credit'
"1,46869564114719",139,96, 'argument'
"1,47180333399769",74,51, 'exceed'
"1,47513841900798",477,328, 'interest'
"1,47541955840554",144,99, 'makes'
"1,47926179683889",70,48, 'liberal'
"1,47926179683889",70,48, 'correct'
"1,48251292166711",76,52, 'paying'
"1,48373687454361",373,255, 'debt'
"1,4852996000913",82,56, 'religious'
"1,48566552756114",145,99, 'prevent'
"1,49254496399418",103,70, 'conditions'
"1,49352286587064",240,163, 'program'
"1,4973752065961",62,42, 'anything'
"1,51117589974445",73,49, 'really'
"1,51539741086612",989,662, 'economic'
"1,52152641960572",114,76, 'terms'
"1,52412731946829",586,390, 'benefits'
"1,52626637729919",161,107, 'consumer'
"1,52957682394226",95,63, 'created'
"1,53487314258472",115,76, 'patent'
"1,53788691874126",94,62, 'poverty'
"1,53996916408579",167,110, 'particular'
"1,54265873098913",292,192, 'another'
"1,5445798502058",67,44, 'extremely'
"1,54539350069757",259,170, 'million'
"1,54567763261533",64,42, 'standards'
"1,54688519326581",61,40, 'ceiling'
"1,56982884562495",65,42, 'doubt'
"1,5735444168572",121,78, 'obesity'
"1,5869684161479",97,62, 'black'
"1,58948541601491",1263,806, 'one'
"1,59398005863456",308,196, 'billion'
"1,59740306520285",200,127, 'expected'
"1,59955341548293",164,104, 'making'
"1,60238048055095",109,69, 'group'
"1,61209346839177",89,56, 'commercial'
"1,615447803532",86,54, 'fixed'
"1,62678925366649",85,53, 'dollar'
"1,63020687814898",135,84, 'democratic'
"1,63020687814898",135,84, 'incentive'
"1,6311859813791",119,74, 'extent'
"1,63719801875703",92,57, 'said'
"1,65001087281687",122,75, 'three'
"1,6508064421866",83,51, 'lending'
"1,65251876036647",246,151, 'least'
"1,65383306478882",225,138, 'short'
"1,65499364939569",93,57, 'movement'
"1,66240849549514",177,108, 'act'
"1,66353555210225",82,50, 'impose'
"1,66766172544355",97,59, 'sex'
"1,66918510167716",130,79, 'faculty'
"1,67872115691391",283,171, 'increases'
"1,68168709535369",63,38, 'purchase'
"1,68774359149542",198,119, 'quality'
"1,69058491067302",70,42, 'taxation'
"1,69058491067302",335,201, 'case'
"1,69396608049437",167,100, 'know'
"1,69800440557879",534,319, 'social'
"1,69823461615118",370,221, 'result'
"1,70838054131168",64,38, 'solution'
"1,71171722205643",162,96, 'inflation'
"1,71586468503822",181,107, 'legal'
"1,71659390929876",66,39, 'increasingly'
"1,71923889220985",100,59, 'article'
"1,72248273917628",90,53, 'death'
"1,72439660888648",153,90, 'crime'
"1,72886230487694",271,159, 'amount'
"1,7426029079245",67,39, 'expense'
"1,75206072560658",95,55, 'judges'
"1,75498814536533",109,63, 'party'
"1,76341010682509",113,65, 'treatment'
"1,76497064674263",87,50, 'aggregate'
"1,76599229517786",484,278, 'might'
"1,76727123651798",169,97, 'reform'
"1,77511415620667",70,40, 'technological'
"1,77511415620667",77,44, 'police'
"1,78074943924225",79,45, 'female'
"1,78413506383279",890,506, 'increase'
"1,79063993599857",173,98, 'marriage'
"1,79096338974423",113,64, 'simply'
"1,79462090517598",92,52, 'currency'
"1,79567532403918",131,74, 'consequences'
"1,79816758680676",78,44, 'requires'
"1,80274478126004",734,413, 'federal'
"1,80329057138455",128,72, 'rising'
"1,80329057138455",80,45, 'appears'
"1,8046484709112",443,249, 'population'
"1,81288254250894",252,141, 'form'
"1,81315231669681",143,80, 'mortgage'
"1,81412765414528",93,52, 'decision'
"1,81661033128683",197,110, 'need'
"1,82214315463085",494,275, 'price'
"1,84663890242745",71,39, 'side'
"1,85964340174032",66,36, 'construction'
"1,87264790105319",192,104, 'output'
"1,87762834759855",87,47, 'heavily'
"1,88145740058772",115,62, 'self'
"1,88379461474994",78,42, 'except'
"1,88605879096959",119,64, 'heavy'
"1,92554755927503",112,59, 'iraq'
"1,92726679816724",114,60, 'default'
"1,93209704076917",80,42, 'organization'
"1,94273994819713",113,59, 'emissions'
"1,9453305821443",140,73, 'bankruptcy'
"1,94862155493364",73,38, 'bush'
"1,9535647856666",104,54, 'largely'
"1,96325989626544",180,93, 'able'
"1,96784083602339",97,50, 'action'
"1,98812785495147",98,50, 'male'
"1,99660217931383",311,158, 'industry'
"2,00165253423685",148,75, 'indeed'
"2,0080008530851",97,49, 'alternative'
"2,02870189280762",74,37, 'projects'
"2,02870189280762",76,38, 'opinion'
"2,02870189280762",114,57, 'book'
"2,02870189280762",68,34, 'household'
"2,03937927119082",191,95, 'firms'
"2,04081871298651",1179,586, 'may'
"2,05471089143336",79,39, 'salaries'
"2,05611678325097",75,37, 'values'
"2,07096651557445",98,48, 'estimate'
"2,08505472316339",74,36, 'expenses'
"2,0876757850404",177,86, 'concern'
"2,08836959553726",105,51, 'distribution'
"2,130136987448",84,40, 'professional'
"2,14322538675644",131,62, 'substantial'
"2,15462132063706",308,145, 'fact'
"2,16100853799073",98,46, 'democracy'
"2,17049288531568",199,93, 'global'
"2,17714349472038",88,41, 'campaign'
"2,1781851901724",204,95, 'job'
"2,19776038387493",130,60, 'unless'
"2,20062578202861",128,59, 'warming'
"2,20457725851474",539,248, 'demand'
"2,21312933760832",120,55, 'reduces'
"2,21889269525834",280,128, 'course'
"2,22630272652265",169,77, 'seem'
"2,23157208208839",132,60, 'modest'
"2,24224946047158",168,76, 'welfare'
"2,24802101635439",246,111, 'current'
"2,25641332975542",109,49, 'limit'
"2,2572095235909",405,182, 'risk'
"2,26644039587102",286,128, 'can'
"2,26737270372617",76,34, 'harvard'
"2,26737270372617",152,68, 'annual'
"2,27750495513309",119,53, 'points'
"2,28228962940858",72,32, 'agencies'
"2,29637783699752",163,72, 'must'
"2,29919547851531",170,75, 'net'
"2,318516448923",80,35, 'borrow'
"2,32378580448873",126,55, 'turn'
"2,32780537700362",179,78, 'carbon'
"2,33906300327446",309,134, 'services'
"2,34080987631649",90,39, 'left'
"2,36127597359576",568,244, 'effect'
"2,3618828606045",319,137, 'foreign'
"2,37379035910995",227,97, 'benefit'
"2,39559478831539",111,47, 'advertising'
"2,40015435205409",168,71, 'hence'
"2,40187448178561",708,299, 'public'
"2,41599952688908",131,55, 'class'
"2,4471216581992",193,80, 'second'
"2,44975322905072",128,53, 'subsidy'
"2,45134812047588",87,36, 'academic'
"2,46342372698069",102,42, 'court'
"2,46342372698069",340,140, 'not'
"2,46825396958261",73,30, 'enforcement'
"2,46825396958261",73,30, 'optimal'
"2,47620966327989",83,34, 'feasible'
"2,47620966327989",83,34, 'productive'
"2,48125846889548",477,195, 'money'
"2,48341093774726",213,87, 'national'
"2,48476665940779",948,387, 'cost'
"2,48679586860289",76,31, 'republican'
"2,50251055856204",375,152, 'problem'
"2,50604351464471",84,34, 'civil'
"2,50604351464471",84,34, 'attack'
"2,52253064303053",189,76, 'question'
"2,53587736600953",130,52, 'factor'
"2,53587736600953",190,76, 'last'
"2,53587736600953",195,78, 'point'
"2,53587736600953",75,30, 'election'
"2,54824749950226",206,82, 'service'
"2,55336617543028",73,29, 'standard'
"2,55700967739294",121,48, 'offset'
"2,56968906422299",76,30, 'opportunity'
"2,57645140386568",127,50, 'probability'
"2,59927430015977",82,32, 'whose'
"2,60350076243645",77,30, 'balance'
"2,61702544172183",129,50, 'uncertainty'
"2,66027889717226",139,53, 'percentage'
"2,67852046784757",169,64, 'create'
"2,68920948581476",228,86, 'person'
"2,70493585707683",128,48, 'response'
"2,7419174019978",173,64, 'third'
"2,7664116720104",90,33, 'basis'
"2,77255925350375",123,45, 'failure'
"2,77310460347494",339,124, 'probably'
"2,78946510261048",88,32, 'substitute'
"2,80438202829289",94,34, 'utility'
"2,81193490205614",438,158, 'law'
"2,84672684958489",87,31, 'airline'
"2,87944784785598",176,62, 'true'
"2,89814556115375",100,35, 'employee'
"2,92712701676529",101,35, 'otherwise'
"2,9395476405988",142,49, 'deficit'
"2,96125034353371",181,62, 'unlikely'
"3,00924114099798",89,30, 'vote'
"3,0173730684164",235,79, 'measures'
"3,02744744003599",194,65, 'regulation'
"3,07046772965478",112,37, 'loss'
"3,13255439330589",105,34, 'buying'
"3,19520548117201",126,40, 'banking'
"3,22493645718729",922,290, 'costs'
"3,24194518164355",163,51, 'employer'
"3,28374628412081",191,59, 'society'
"3,33993604303694",135,41, 'marginal'
"3,35735876626614",235,71, 'wage'
"3,35785140878503",96,29, 'securities'
"3,35785140878503",96,29, 'nothing'
"3,38116982134604",90,27, 'the'
"3,40821917991681",84,25, 'charitable'
"3,42582678125061",179,53, 'house'
"3,43570481846452",105,31, 'enable'
"3,43997277476075",78,23, 'lack'
"3,53785817892061",143,41, 'suppose'
"3,5387015971133",307,88, 'reducing'
"3,57227941994386",81,23, 'threat'
"3,57328174301343",155,44, 'bubble'
"3,62536541955436",193,54, 'revenues'
"3,62825530829056",93,26, 'afford'
"3,62880479417702",254,71, 'seems'
"3,63030865028733",136,38, 'costly'
"3,64244203481369",79,22, 'culture'
"3,67702218071382",87,24, 'criminal'
"3,70762759720014",106,29, 'matter'
"3,77758283488316",108,29, 'cash'
"3,79279049524903",86,23, 'event'
"3,83689271031007",87,23, 'choice'
"3,85453359633448",304,80, 'increasing'
"3,90134979386081",150,39, 'wealthy'
"4,07459617453735",237,59, 'sense'
"4,10150600067628",186,46, 'reduction'
"4,18035541548238",136,33, 'regulatory'
"4,19731426098129",120,29, 'collapse'
"4,20231106367293",145,35, 'deal'
"4,32346305024575",260,61, 'depression'
"4,42340670442075",846,194, 'percent'
"4,52056025548265",1181,265, 'people'
"4,73612390416486",635,136, 'though'
"4,80482027243911",90,19, 'designed'
"4,87854502794214",101,21, 'thought'
"5,20406137720216",118,23, 'obtain'
"5,2668222217121",135,26, 'activity'
"5,59263765044264",204,37, 'administration'
"5,60876405658578",94,17, 'existing'
"5,68036529986135",196,35, 'actually'
"5,84020241868861",190,33, 'product'
"5,91704718735557",105,18, 'principal'
"6,0297528480671",428,72, 'u.s'
"6,6295079711392",183,28, 'expenditures'
"6,79615134090554",134,20, 'borrowing'
"6,83584333446047",155,23, 'reserve'
"6,96814997964358",158,23, 'it'
"7,12646562345242",274,39, 'therefore'
"8,60562254529685",263,31, 'nation'
"9,03255366559585",187,21, 'firm'
"10,8680458543266",150,14, 'today'
"15,951165863056",802,51, '--'
"19,9972043719609",138,7, 'iq'
"20,6734383362301",428,21, 'becker'
"20,9276616310681",392,19, 'think'
"25,1559034708145",124,5, 'merely'
"42,0955642757582",332,8, 'thus'
"126,793868300476",125,1, 'standpoint'
